percentile,value
2.5,20.418074414215535
25.0,21.584841899483166
50.0,22.722899517139865
75.0,23.863613595915616
97.5,25.100870000203415
